"id";"title";"slug";"content";"featured_image";"user_id";"status";"created_at";"updated_at"
1;"first try";"first-try";"Lorem ipsum dolor sit amet, consectetur adipiscing elit. Quisque sed tortor mauris. Integer imperdiet luctus orci eget porttitor. Vivamus at diam orci. Curabitur sit amet pretium orci. Pellentesque finibus nulla eu risus dapibus, eget lacinia lacus tempus. Proin lobortis dignissim erat sed auctor. Aliquam non lobortis diam, in tempus dui. Sed massa arcu, placerat ac mollis eget, eleifend quis ipsum. Cras a elementum nunc. In lacinia mollis ultricies.

Nam rutrum ipsum sit amet vestibulum aliquet. Duis erat sem, mollis ac justo vel, vehicula condimentum libero. Nullam tristique, magna et vulputate rutrum, velit nibh faucibus mauris, eu condimentum mauris lorem et nibh. Praesent faucibus neque sed felis dignissim faucibus. Etiam eu vulputate risus, id condimentum velit. Etiam mattis magna vel mauris ornare lacinia. In ac ligula scelerisque, iaculis lectus fringilla, porta dui. Maecenas facilisis dui dolor.

Suspendisse consectetur, magna quis tristique pretium, elit nunc venenatis nisl, in accumsan dolor erat a quam. Donec metus nisi, tincidunt eu augue sit amet, pellentesque tincidunt mauris. Pellentesque habitant morbi tristique senectus et netus et malesuada fames ac turpis egestas. Fusce eu luctus mi. Vivamus convallis euismod augue, et aliquet lorem feugiat vitae. In scelerisque egestas magna sit amet semper. Ut convallis tincidunt orci, sit amet congue urna molestie non. Morbi quis felis nisl. Nunc sit amet dolor dapibus, fermentum diam ac, ornare ante. Vivamus condimentum, mauris ac pharetra varius, mi lectus condimentum tellus, in congue felis nulla non nunc. Phasellus ultricies interdum consectetur.";"";1;"published";"2025-12-29 15:08:08";"2025-12-29 15:08:08"
2;"second article";"second-article";"php artisan config:clear

Proin mattis dolor sapien, eget viverra nunc laoreet nec. Integer quis ligula in tellus molestie gravida. In vulputate elit nec aliquet dictum. Nam fermentum purus non sem feugiat, non placerat risus rhoncus. Suspendisse ullamcorper semper vestibulum. Cras viverra ipsum non ex vehicula, eu placerat lectus tempus. Integer at enim eleifend tellus consequat efficitur eget id mauris. Integer vestibulum nec lectus in aliquam.

Praesent scelerisque efficitur ligula, eget condimentum elit. Etiam ac laoreet nulla. Sed ornare lacinia erat, ut rhoncus purus hendrerit quis. Integer posuere sed odio eu ultrices. Mauris eget lacinia sapien. Duis tincidunt sem id nisi mollis, ac interdum dolor maximus. Suspendisse potenti. Nam justo nunc, posuere sed sollicitudin eget, ullamcorper sit amet mi. Nunc sagittis mauris felis, eget volutpat tellus aliquet sed. Fusce quis vehicula purus. Sed feugiat purus risus, ut vestibulum neque vehicula id. Fusce at rutrum lorem. Suspendisse at aliquam magna. Duis ultrices velit sed augue posuere bibendum. Proin ac magna vitae sem rutrum rhoncus sit amet ut lacus.";"";1;"published";"2025-12-29 15:36:52";"2025-12-29 15:36:52"
